index,city,place,rating,type,description
0,Marrakech,Jardin Majorelle,4.5,Gardens,"A stunning botanical garden in Marrakech, Jardin Majorelle is a vibrant oasis with exotic plants, fountains, and cobalt-blue structures designed by Jacques Majorelle."
1,Marrakech,Koutoubia Mosque,4.4,Mosque,"Koutoubia Mosque, located in the heart of Marrakech, is a masterpiece of Hispano-Moorish architecture, featuring a towering minaret and beautiful gardens."
2,Marrakech,Bahia Palace,4.3,Palace,"An architectural gem, Bahia Palace in Marrakech showcases intricate Moroccan design and stunning courtyards, offering a glimpse into the opulent lifestyle of the past."
3,Marrakech,Menara Gardens,4.2,Gardens,"Menara Gardens, set against the backdrop of the Atlas Mountains, is a serene escape with olive groves, a reflective pool, and the iconic Menara Pavilion."
4,Marrakech,Saadian Tombs,4.1,Tombs,"Discover the historical Saadian Tombs, an exquisite burial site in Marrakech, adorned with intricate decorations and the final resting place of Saadian dynasty members."
5,Marrakech,Moroccan Cuisine,4.5,Restaurant,"Indulge in the rich flavors of Morocco at this highly-rated restaurant in Marrakech, offering a diverse menu of authentic Moroccan dishes."
6,Marrakech,Marrakech Museum,4.0,Museum,"Marrakech Museum, housed in the Dar Menebhi Palace, showcases Moroccan art, textiles, and historical artifacts, providing a cultural journey through time."
7,Marrakech,Majorelle Art Gallery,4.2,Art Gallery,"Explore contemporary Moroccan art at Majorelle Art Gallery, located near Jardin Majorelle, featuring works by local and international artists."
8,Marrakech,Djemaa El Fna Square,4.4,Square,"Experience the vibrant atmosphere of Djemaa El Fna Square, where street performers, market stalls, and food vendors create a lively spectacle in the heart of Marrakech."
9,Fes,Bou Inania Madrasa,4.5,Madrasa,"Bou Inania Madrasa in Fes is a masterpiece of Merenid architecture, adorned with intricate tilework, wooden carvings, and a tranquil courtyard for contemplation."
10,Fes,The Royal Palace,4.3,Palace,"Visit The Royal Palace in Fes, an impressive architectural marvel with intricately decorated gates and walls, showcasing the grandeur of Moroccan royalty."
11,Fes,Chouara Tannery,4.4,Tannery,"Immerse yourself in the ancient craft of leather tanning at Chouara Tannery in Fes, where vibrant dyes and traditional methods create a fascinating spectacle."
12,Fes,Borj Nord,4.0,Fortress,"Enjoy panoramic views of Fes from Borj Nord, a historic fortress that played a strategic role in protecting the city, featuring well-preserved ramparts and towers."
13,Fes,Fes el Bali (Old Town),4.2,Historic District,"Step into the past at Fes el Bali, the UNESCO-listed Old Town of Fes, known for its labyrinthine streets, vibrant markets, and historic architecture."
14,Fes,Nejjarine Museum of Wooden Arts and Crafts,4.5,Museum,"Nejjarine Museum showcases the artistry of Moroccan woodcraft through its exquisite collection of wooden artifacts, housed in a beautifully restored caravanserai."
15,Fes,Batha Museum,4.1,Museum,"Batha Museum, located in a former palace in Fes, offers a rich display of traditional Moroccan arts and crafts, including ceramics, textiles, and ancient artifacts."
16,Fes,Andalusian Gardens,4.3,Gardens,"Andalusian Gardens in Fes provide a peaceful retreat with fountains, lush greenery, and architectural elements inspired by Andalusian design."
17,Fes,Moulay Idriss Mausoleum,4.4,Mausoleum,"Visit the sacred Moulay Idriss Mausoleum in Fes, a spiritual and architectural marvel dedicated to Moulay Idriss I, the founder of Fes."
18,Casablanca,Hassan II Mosque,4.6,Mosque,"Hassan II Mosque in Casablanca is a symbol of modern Moroccan architecture, perched on the Atlantic Ocean and featuring intricate details and a towering minaret."
19,Casablanca,Old Medina,4.0,Historic District,"Explore the historic charm of Casablanca's Old Medina, where narrow alleys, bustling markets, and traditional Moroccan architecture create a captivating atmosphere."
20,Casablanca,The Corniche,4.2,Beach,"Enjoy scenic views along The Corniche in Casablanca, a picturesque waterfront promenade offering a relaxing escape and stunning vistas of the ocean."
21,Casablanca,La Sqala,4.1,Restaurant,"La Sqala in Casablanca offers a delightful dining experience within a historic fortress, serving delicious Moroccan cuisine in a charming and rustic setting."
22,Casablanca,King's Palace,4.5,Palace,"King's Palace in Casablanca is an architectural marvel, showcasing Moroccan craftsmanship and design in a regal setting."
23,Casablanca,Royal Golf Anfa Mohammedia,4.2,Golf Course,"Perfect your golf swing at Royal Golf Anfa Mohammedia, a scenic golf course in Casablanca offering lush greens and panoramic views."
24,Casablanca,Moroccan Jewish Museum,4.3,Museum,"Explore the rich history of Morocco's Jewish heritage at the Moroccan Jewish Museum in Casablanca, featuring exhibits on culture, art, and traditions."
25,Casablanca,Parc de la Ligue Arabe,4.0,Park,"Parc de la Ligue Arabe is a tranquil park in Casablanca, providing a peaceful escape with gardens, pathways, and shaded areas for relaxation."
26,Casablanca,Villa des Arts,4.4,Art Gallery,"Discover contemporary Moroccan art at Villa des Arts in Casablanca, a cultural hub with rotating exhibitions, installations, and a showcase of local artistic talent."
27,Rabat,Kasbah of the Udayas,4.3,Kasbah,"The Kasbah of the Udayas in Rabat is a historic fortress with narrow alleys, white-washed buildings, and stunning views of the Bou Regreg River and the Atlantic Ocean."
28,Rabat,Mauresque Park,4.2,Park,"Relax in the lush surroundings of Mauresque Park in Rabat, featuring manicured gardens, fountains, and a tranquil atmosphere for leisure and picnics."
29,Rabat,Hassan Tower,4.4,Monument,"Hassan Tower in Rabat stands as a testament to Morocco's rich history, featuring the incomplete minaret of an ancient mosque and the adjacent Mausoleum of Mohammed V."
30,Rabat,Mohammed VI Museum of Modern and Contemporary Art,4.1,Museum,"Explore contemporary art at the Mohammed VI Museum of Modern and Contemporary Art in Rabat, featuring a diverse collection of Moroccan and international works."
31,Rabat,Andalusian Gardens,4.0,Gardens,"Andalusian Gardens in Rabat offer a tranquil escape with Moorish-inspired design, fountains, and lush greenery, providing a serene environment for relaxation."
32,Rabat,Chellah,4.2,Archaeological Site,"Step back in time at Chellah, an ancient archaeological site in Rabat with Roman and medieval ruins, including a necropolis and historic monuments."
33,Rabat,Rabat Archaeological Museum,4.3,Museum,"Delve into Morocco's archaeological treasures at the Rabat Archaeological Museum, housing artifacts that span the country's diverse history and civilizations."
34,Rabat,Parliament Building,4.5,Government Building,"Admire the grandeur of the Parliament Building in Rabat, an architectural marvel that symbolizes Morocco's political legacy and modern governance."
35,Rabat,King's Palace,4.4,Palace,"King's Palace in Rabat stands as a regal residence with intricate architecture, lush gardens, and a glimpse into Morocco's royal heritage."
36,Tangier,Kasbah Museum,4.0,Museum,"Explore the rich cultural heritage of Tangier at the Kasbah Museum, housed in the historic Kasbah with exhibits on Moroccan art, history, and craftsmanship."
37,Tangier,Medina of Tangier,4.1,Historic District,"Wander through the enchanting streets of the Medina of Tangier, where vibrant markets, historic architecture, and a blend of cultures create a captivating atmosphere."
38,Tangier,Grand Socco,4.3,Square,"Grand Socco in Tangier serves as a bustling square with a blend of modern and traditional elements, offering a vibrant space for locals and visitors alike."
39,Tangier,Cape Malabata,4.2,Scenic Point,"Marvel at the panoramic views from Cape Malabata in Tangier, where the Atlantic Ocean meets the Mediterranean Sea, providing a picturesque setting for relaxation."
40,Tangier,Hercules Cave,4.5,Cave,"Discover the mythical Hercules Cave in Tangier, a natural wonder with stunning rock formations and a legendary connection to Greek mythology."
41,Tangier,Kasbah of Chefchaouen,4.4,Kasbah,"Immerse yourself in the blue-hued charm of the Kasbah of Chefchaouen, where narrow alleys, vibrant blue buildings, and historic landmarks create a unique and picturesque setting."
42,Tangier,Legation American Legation,4.0,Museum,"Visit the Legation American Legation in Tangier, a historic site that once served as the first American public property outside the United States, now housing a museum and cultural center."
43,Tangier,St. Andrew's Church,4.1,Church,"St. Andrew's Church in Tangier is a historic Anglican church, offering a serene space for reflection and showcasing architectural elements that reflect its colonial past."
44,Tangier,Tangier American Legation Museum,4.2,Museum,"Explore the Tangier American Legation Museum, a historic diplomatic landmark showcasing the cultural ties between the United States and Morocco, with a diverse collection of artifacts."
45,Chefchaouen,Medina of Chefchaouen,4.5,Historic District,"Get lost in the enchanting blue alleys of the Medina of Chefchaouen, a unique and vibrant historic district surrounded by the stunning Rif Mountains."
46,Chefchaouen,Outa el Hammam Square,4.4,Square,"Experience the lively atmosphere of Outa el Hammam Square in Chefchaouen, surrounded by cafes, shops, and the iconic Grand Mosque, offering a central gathering place in the heart of the city."
47,Chefchaouen,The Blue Door,4.3,Scenic Point,"Admire the beauty of the iconic Blue Door in Chefchaouen, a symbol of the city's artistic charm and the unique tradition of painting buildings in shades of blue."
48,Chefchaouen,Kasbah Museum,4.2,Museum,"Discover the history and culture of Chefchaouen at the Kasbah Museum, housed within a historic fortress and featuring exhibits on local art, crafts, and traditions."
49,Chefchaouen,Abderrahman Hassani Square,4.1,Square,"Abderrahman Hassani Square in Chefchaouen offers a charming and relaxed ambiance, surrounded by cafes and shops, making it a perfect spot for leisurely strolls."
50,Chefchaouen,Ras El Ma,4.0,Scenic Point,"Escape to the scenic beauty of Ras El Ma in Chefchaouen, a peaceful area with a river, waterfalls, and lush greenery, providing a serene retreat amid the blue cityscape."